n,Divide and Conquer,Dynamic Programming
50,0,0
10050,0,0
20050,1,0
30050,0,0
40050,2,0
50050,1,0
60050,3,1
70050,3,0
80050,4,0
90050,6,0
100050,4,0
110050,5,0
120050,6,0
130050,7,0
140050,7,0
150050,8,1
160050,8,0
170050,9,0
180050,9,1
190050,9,0
200050,11,0
210050,11,1
220050,12,1
230050,12,0
240050,12,1
250050,16,1
260050,13,0
270050,15,0
280050,18,0
290050,17,0
300050,19,1
310050,20,0
320050,20,0
330050,20,0
340050,21,0
350050,23,0
360050,20,1
370050,21,0
380050,21,0
390050,22,0
400050,22,0
410050,23,0
420050,24,0
430050,23,1
440050,26,1
450050,26,0
460050,26,1
470050,26,1
480050,26,1
490050,27,1
500050,27,1
510050,28,0
520050,28,0
530050,34,0
540050,33,0
550050,34,1
560050,35,0
570050,34,0
580050,34,1
590050,37,1
600050,36,0
610050,43,1
620050,37,1
630050,38,2
640050,37,2
650050,42,1
660050,40,2
670050,43,0
680050,41,2
690050,40,1
700050,40,2
710050,43,1
720050,42,2
730050,43,1
740050,44,1
750050,43,0
760050,45,2
770050,46,1
780050,44,2
790050,44,2
800050,49,1
810050,48,1
820050,51,1
830050,49,2
840050,50,2
850050,50,1
860050,52,2
870050,51,2
880050,53,2
890050,52,2
900050,53,2
910050,54,2
920050,53,2
930050,54,1
940050,54,2
950050,55,1
960050,55,2
970050,57,2
980050,56,3
990050,56,1
1000050,58,1
1010050,59,3
1020050,58,2
1030050,59,1
1040050,58,1
1050050,65,3
1060050,69,3
1070050,69,2
1080050,68,1
1090050,67,3
1100050,75,3
1110050,71,3
1120050,68,2
1130050,73,2
1140050,70,2
1150050,77,3
1160050,72,3
1170050,71,3
1180050,71,3
1190050,73,3
1200050,75,1
1210050,77,2
1220050,76,2
1230050,75,2
1240050,74,3
1250050,79,2
1260050,84,2
1270050,77,2
1280050,78,3
1290050,79,2
1300050,81,2
1310050,80,3
1320050,78,3
1330050,81,4
1340050,84,3
1350050,87,3
1360050,80,4
1370050,80,3
1380050,84,4
1390050,83,2
1400050,83,3
1410050,85,3
1420050,86,3
1430050,86,3
1440050,87,2
1450050,87,4
1460050,88,3
1470050,87,4
1480050,88,2
1490050,89,4
1500050,90,3
1510050,93,3
1520050,93,3
1530050,92,4
1540050,95,3
1550050,93,3
1560050,93,2
1570050,92,4
1580050,91,4
1590050,94,3
1600050,95,4
1610050,96,4
1620050,96,3
1630050,97,4
1640050,114,3
1650050,105,3
1660050,99,4
1670050,109,4
1680050,96,3
1690050,98,4
1700050,99,3
1710050,103,3
1720050,102,5
1730050,102,3
1740050,104,3
1750050,102,4
1760050,104,3
1770050,107,4
1780050,107,4
1790050,110,4
1800050,117,4
1810050,110,4
1820050,108,3
1830050,112,4
1840050,108,4
1850050,112,3
1860050,113,3
1870050,114,4
1880050,113,4
1890050,110,4
1900050,114,5
1910050,114,3
1920050,113,4
1930050,114,4
1940050,113,3
1950050,113,3
1960050,113,5
1970050,115,5
1980050,115,4
1990050,116,3
2000050,120,4
2010050,117,4
2020050,119,4
2030050,119,4
2040050,120,4
2050050,119,4
2060050,121,4
2070050,119,4
2080050,119,5
2090050,119,5
2100050,137,5
2110050,137,5
2120050,135,5
2130050,134,6
2140050,150,5
2150050,135,5
2160050,139,4
2170050,144,4
2180050,137,6
2190050,140,5
2200050,145,6
2210050,142,4
2220050,143,4
2230050,140,4
2240050,141,5
2250050,143,6
2260050,144,6
2270050,145,6
2280050,149,4
2290050,146,6
2300050,148,5
2310050,147,4
2320050,151,5
2330050,151,6
2340050,148,5
2350050,149,5
2360050,150,6
2370050,151,4
2380050,153,4
2390050,152,6
2400050,155,6
2410050,166,5
2420050,160,5
2430050,168,6
2440050,162,6
2450050,167,7
2460050,170,6
2470050,157,6
2480050,154,5
2490050,163,7
2500050,161,6
2510050,159,6
2520050,164,5
2530050,169,5
2540050,169,5
2550050,162,5
2560050,166,6
2570050,162,5
2580050,163,5
2590050,165,6
2600050,165,6
2610050,168,5
2620050,165,6
2630050,164,6
2640050,164,6
2650050,165,5
2660050,167,5
2670050,166,7
2680050,170,5
2690050,170,6
2700050,170,5
2710050,172,5
2720050,177,6
2730050,167,6
2740050,169,7
2750050,170,8
2760050,171,7
2770050,173,7
2780050,172,5
2790050,172,6
2800050,176,8
2810050,173,7
2820050,175,6
2830050,172,7
2840050,177,6
2850050,177,6
2860050,182,6
2870050,177,6
2880050,178,6
2890050,177,6
2900050,178,7
2910050,180,6
2920050,179,7
2930050,186,7
2940050,186,7
2950050,184,7
2960050,181,7
2970050,191,6
2980050,185,6
2990050,183,9
3000050,186,7
3010050,184,6
3020050,186,6
3030050,190,6
3040050,183,6
3050050,188,8
3060050,190,6
3070050,198,7
3080050,192,7
3090050,190,8
3100050,194,7
3110050,191,7
3120050,197,7
3130050,193,6
3140050,197,6
3150050,191,7
3160050,196,7
3170050,197,7
3180050,199,6
3190050,200,7
3200050,203,6
3210050,200,8
3220050,199,7
3230050,207,8
3240050,199,7
3250050,200,8
3260050,200,7
3270050,202,6
3280050,204,6
3290050,210,10
3300050,204,7
3310050,204,7
3320050,205,8
3330050,214,7
3340050,208,7
3350050,207,7
3360050,212,7
3370050,210,7
3380050,210,8
3390050,209,8
3400050,208,8
3410050,211,7
3420050,211,7
3430050,214,8
3440050,213,8
3450050,216,7
3460050,212,8
3470050,210,8
3480050,217,7
3490050,217,7
3500050,216,7
3510050,218,8
3520050,227,8
3530050,219,8
3540050,226,8
3550050,226,7
3560050,218,8
3570050,216,8
3580050,223,8
3590050,225,9
3600050,231,8
3610050,225,9
3620050,232,7
3630050,226,7
3640050,225,10
3650050,226,9
3660050,227,7
3670050,226,10
3680050,226,8
3690050,229,9
3700050,225,7
3710050,226,8
3720050,231,8
3730050,227,8
3740050,233,9
3750050,236,7
3760050,234,8
3770050,230,8
3780050,232,9
3790050,232,9
3800050,233,8
3810050,233,10
3820050,231,9
3830050,234,9
3840050,234,9
3850050,232,8
3860050,232,9
3870050,234,9
3880050,244,9
3890050,242,9
3900050,232,9
3910050,235,8
3920050,235,9
3930050,233,10
3940050,236,10
3950050,235,9
3960050,237,9
3970050,241,11
3980050,245,9
3990050,240,9
4000050,239,10
4010050,242,8
4020050,241,9
4030050,239,8
4040050,241,9
4050050,240,10
4060050,252,10
4070050,246,10
4080050,245,10
4090050,238,10
4100050,243,9
4110050,250,8
4120050,250,13
4130050,248,9
4140050,250,9
4150050,253,10
4160050,245,9
4170050,247,9
4180050,247,10
4190050,246,10
4200050,275,10
4210050,278,10
4220050,279,9
4230050,282,9
4240050,278,9
4250050,288,9
4260050,279,9
4270050,284,9
4280050,291,9
4290050,296,9
4300050,283,10
4310050,287,9
4320050,280,11
4330050,292,12
4340050,291,9
4350050,289,11
4360050,289,9
4370050,291,10
4380050,287,10
4390050,295,10
4400050,293,11
4410050,294,9
4420050,299,11
4430050,302,10
4440050,301,10
4450050,297,10
4460050,290,9
4470050,302,10
4480050,296,10
4490050,308,10
4500050,299,9
4510050,300,10
4520050,299,11
4530050,300,10
4540050,298,11
4550050,305,10
4560050,305,9
4570050,304,11
4580050,302,11
4590050,301,12
4600050,301,10
4610050,308,11
4620050,318,11
4630050,303,12
4640050,317,11
4650050,314,11
4660050,309,11
4670050,309,12
4680050,314,10
4690050,311,10
4700050,310,12
4710050,316,10
4720050,313,12
4730050,314,11
4740050,312,11
4750050,310,11
4760050,314,11
4770050,319,11
4780050,308,10
4790050,311,11
4800050,321,10
4810050,322,10
4820050,326,13
4830050,320,10
4840050,320,11
4850050,322,10
4860050,322,10
4870050,322,12
4880050,322,11
4890050,331,10
4900050,327,11
4910050,339,12
4920050,326,10
4930050,323,12
4940050,321,12
4950050,328,12
4960050,328,11
4970050,327,12
4980050,328,12
4990050,330,12
5000050,327,11
5010050,331,12
5020050,330,11
5030050,333,12
5040050,326,11
5050050,337,11
5060050,329,11
5070050,342,14
5080050,341,11
5090050,336,12
5100050,348,14
5110050,335,11
5120050,338,11
5130050,335,13
5140050,333,12
5150050,335,12
5160050,333,12
5170050,339,11
5180050,335,12
5190050,339,13
5200050,334,12
5210050,337,11
5220050,346,12
5230050,337,12
5240050,344,12
5250050,338,14
5260050,333,14
5270050,333,11
5280050,336,13
5290050,339,12
5300050,337,12
5310050,334,12
5320050,341,13
5330050,339,11
5340050,339,11
5350050,349,13
5360050,347,11
5370050,340,12
5380050,358,12
5390050,346,12
5400050,343,12
5410050,342,13
5420050,342,13
5430050,342,13
5440050,344,12
5450050,345,12
5460050,354,13
5470050,351,13
5480050,358,12
5490050,349,14
5500050,361,11
5510050,357,12
5520050,372,12
5530050,360,12
5540050,361,12
5550050,357,12
5560050,361,13
5570050,357,12
5580050,356,13
5590050,357,13
5600050,360,13
5610050,363,12
5620050,366,13
5630050,365,13
5640050,368,12
5650050,359,12
5660050,361,13
5670050,357,12
5680050,361,13
5690050,363,12
5700050,367,13
5710050,362,13
5720050,369,13
5730050,364,13
5740050,384,13
5750050,371,14
5760050,375,13
5770050,365,14
5780050,375,13
5790050,377,13
5800050,379,13
5810050,371,12
5820050,369,14
5830050,371,13
5840050,373,15
5850050,376,14
5860050,372,14
5870050,372,14
5880050,384,13
5890050,381,14
5900050,377,15
5910050,383,14
5920050,380,14
5930050,378,13
5940050,377,14
5950050,379,14
5960050,376,13
5970050,381,14
5980050,381,14
5990050,390,14
6000050,382,13
6010050,381,15
6020050,379,14
6030050,390,14
6040050,383,14
6050050,385,13
6060050,385,15
6070050,383,13
6080050,386,13
6090050,394,14
6100050,387,15
6110050,389,14
6120050,392,15
6130050,391,13
6140050,397,16
6150050,392,14
6160050,392,15
6170050,397,16
6180050,392,15
6190050,395,13
6200050,396,14
6210050,398,14
6220050,392,14
6230050,395,15
6240050,395,14
6250050,398,14
6260050,400,17
6270050,401,17
6280050,393,14
6290050,391,17
6300050,393,13
6310050,396,15
6320050,396,14
6330050,394,14
6340050,393,15
6350050,396,15
6360050,393,14
6370050,406,14
6380050,401,16
6390050,405,15
6400050,407,15
6410050,404,14
6420050,406,14
6430050,404,14
6440050,405,16
6450050,406,15
6460050,405,15
6470050,408,15
6480050,412,15
6490050,408,15
6500050,411,15
6510050,416,14
6520050,413,15
6530050,421,14
6540050,415,18
6550050,408,14
6560050,414,16
6570050,417,15
6580050,419,16
6590050,418,15
6600050,420,15
6610050,423,17
6620050,422,15
6630050,422,15
6640050,427,18
6650050,439,16
6660050,430,15
6670050,420,15
6680050,423,14
6690050,426,16
6700050,429,15
6710050,429,15
6720050,429,14
6730050,432,16
6740050,423,16
6750050,432,15
6760050,440,16
6770050,435,16
6780050,428,17
6790050,425,15
6800050,428,16
6810050,436,16
6820050,430,17
6830050,436,15
6840050,430,18
6850050,435,16
6860050,431,16
6870050,430,17
6880050,429,17
6890050,431,15
6900050,431,15
6910050,433,16
6920050,431,15
6930050,442,15
6940050,452,16
6950050,436,16
6960050,435,16
6970050,436,18
6980050,437,16
6990050,442,16
7000050,441,16
7010050,436,16
7020050,441,16
7030050,444,16
7040050,448,15
7050050,448,18
7060050,437,17
7070050,448,17
7080050,444,16
7090050,446,16
7100050,446,17
7110050,448,17
7120050,450,17
7130050,451,17
7140050,451,16
7150050,449,17
7160050,448,17
7170050,450,15
7180050,455,15
7190050,449,15
7200050,454,15
7210050,455,17
7220050,448,17
7230050,453,16
7240050,452,16
7250050,455,17
7260050,467,16
7270050,463,19
7280050,461,16
7290050,462,16
7300050,466,16
7310050,454,16
7320050,458,17
7330050,461,17
7340050,455,15
7350050,454,17
7360050,458,16
7370050,458,16
7380050,459,17
7390050,457,17
7400050,462,19
7410050,456,19
7420050,453,16
7430050,460,18
7440050,461,16
7450050,463,17
7460050,455,18
7470050,468,17
7480050,473,19
7490050,453,18
7500050,464,17
7510050,475,17
7520050,461,17
7530050,463,17
7540050,459,18
7550050,464,17
7560050,463,18
7570050,482,18
7580050,495,18
7590050,469,19
7600050,463,19
7610050,473,18
7620050,472,19
7630050,472,18
7640050,468,17
7650050,477,18
7660050,469,18
7670050,471,18
7680050,472,17
7690050,481,18
7700050,483,18
7710050,485,18
7720050,482,17
7730050,476,18
7740050,474,18
7750050,477,20
7760050,479,18
7770050,476,17
7780050,478,19
7790050,479,17
7800050,475,19
7810050,481,21
7820050,484,18
7830050,477,17
7840050,482,19
7850050,485,17
7860050,478,19
7870050,480,17
7880050,484,19
7890050,488,19
7900050,498,19
7910050,486,20
7920050,486,18
7930050,488,18
7940050,487,19
7950050,492,18
7960050,489,18
7970050,491,20
7980050,507,19
7990050,496,21
8000050,494,19
8010050,495,19
8020050,494,19
8030050,492,18
8040050,486,18
8050050,489,18
8060050,487,19
8070050,488,19
8080050,484,17
8090050,499,18
8100050,503,19
8110050,487,20
8120050,500,18
8130050,497,19
8140050,499,19
8150050,501,18
8160050,500,19
8170050,517,18
8180050,507,19
8190050,501,23
8200050,507,23
8210050,502,20
8220050,500,19
8230050,506,18
8240050,504,18
8250050,498,19
8260050,513,18
8270050,512,20
8280050,503,18
8290050,514,19
8300050,520,20
8310050,515,19
8320050,506,19
8330050,507,19
8340050,507,19
8350050,503,22
8360050,510,18
8370050,513,20
8380050,509,19
8390050,576,19
8400050,570,20
8410050,563,19
8420050,574,20
8430050,566,20
8440050,570,21
8450050,578,22
8460050,595,24
8470050,599,19
8480050,593,20
8490050,590,20
8500050,579,19
8510050,575,19
8520050,576,20
8530050,579,19
8540050,594,19
8550050,581,20
8560050,590,20
8570050,576,20
8580050,576,23
8590050,580,20
8600050,580,19
8610050,575,20
8620050,592,20
8630050,597,20
8640050,586,20
8650050,586,20
8660050,591,20
8670050,588,21
8680050,589,19
8690050,606,20
8700050,622,20
8710050,612,20
8720050,612,23
8730050,613,19
8740050,599,21
8750050,596,21
8760050,595,21
8770050,593,21
8780050,599,20
8790050,602,20
8800050,605,21
8810050,607,21
8820050,598,21
8830050,595,22
8840050,596,21
8850050,598,21
8860050,602,21
8870050,594,22
8880050,598,20
8890050,601,19
8900050,597,20
8910050,608,20
8920050,606,21
8930050,604,20
8940050,613,21
8950050,607,21
8960050,614,20
8970050,609,22
8980050,610,20
8990050,619,21
9000050,611,20
9010050,615,20
9020050,617,21
9030050,621,23
9040050,618,21
9050050,613,22
9060050,614,21
9070050,615,21
9080050,613,21
9090050,628,22
9100050,616,20
9110050,627,21
9120050,611,22
9130050,620,21
9140050,619,21
9150050,623,21
9160050,630,21
9170050,634,22
9180050,622,22
9190050,626,22
9200050,644,23
9210050,627,20
9220050,626,22
9230050,628,22
9240050,630,21
9250050,649,21
9260050,630,23
9270050,627,21
9280050,637,22
9290050,637,22
9300050,633,21
9310050,634,21
9320050,640,22
9330050,663,22
9340050,634,22
9350050,648,20
9360050,641,21
9370050,639,21
9380050,641,22
9390050,639,24
9400050,679,22
9410050,642,22
9420050,642,21
9430050,643,23
9440050,645,23
9450050,642,22
9460050,652,25
9470050,655,22
9480050,648,21
9490050,656,24
9500050,651,23
9510050,651,22
9520050,670,21
9530050,658,22
9540050,653,23
9550050,647,23
9560050,660,23
9570050,669,22
9580050,660,23
9590050,647,22
9600050,650,21
9610050,662,21
9620050,649,24
9630050,671,23
9640050,655,23
9650050,662,23
9660050,656,21
9670050,658,23
9680050,662,22
9690050,659,23
9700050,669,23
9710050,662,23
9720050,666,24
9730050,663,23
9740050,669,23
9750050,658,23
9760050,675,25
9770050,666,22
9780050,664,25
9790050,674,25
9800050,668,22
9810050,673,22
9820050,667,21
9830050,681,25
9840050,667,27
9850050,667,22
9860050,680,26
9870050,677,23
9880050,673,22
9890050,675,22
9900050,681,22
9910050,680,23
9920050,682,24
9930050,682,24
9940050,681,23
9950050,692,22
9960050,685,24
9970050,712,23
9980050,693,24
9990050,700,24
10000050,706,23
10010050,691,25
10020050,711,24
10030050,705,24
10040050,702,25
10050050,706,25
10060050,698,22
10070050,695,22
10080050,701,24
10090050,690,24
10100050,695,23
10110050,688,24
10120050,717,26
10130050,749,24
10140050,761,27
10150050,703,24
10160050,690,24
10170050,691,24
10180050,686,26
10190050,691,23
10200050,700,25
10210050,697,23
10220050,695,24
10230050,694,23
10240050,689,24
10250050,703,24
10260050,700,25
10270050,711,23
10280050,714,23
10290050,748,29
10300050,761,24
10310050,714,25
10320050,759,26
10330050,883,23
10340050,792,28
10350050,800,26
10360050,767,25
10370050,735,27
10380050,720,23
10390050,710,27
10400050,716,24
10410050,715,23
10420050,715,23
10430050,711,23
10440050,718,24
10450050,721,24
10460050,703,25
10470050,711,24
10480050,717,25
10490050,701,26
10500050,700,27
10510050,712,26
10520050,699,24
10530050,692,24
10540050,699,25
10550050,696,25
10560050,707,25
10570050,710,25
10580050,700,25
10590050,707,24
10600050,720,25
10610050,713,24
10620050,712,26
10630050,709,25
10640050,721,25
10650050,710,25
10660050,711,25
10670050,712,25
10680050,703,25
10690050,714,26
10700050,718,24
10710050,724,24
10720050,734,24
10730050,710,29
10740050,709,25
10750050,716,27
10760050,719,26
10770050,724,25
10780050,720,27
10790050,716,26
10800050,727,25
10810050,719,27
10820050,724,26
10830050,728,25
10840050,731,26
10850050,720,25
10860050,732,26
10870050,731,25
10880050,723,25
10890050,724,26
10900050,724,25
10910050,732,29
10920050,748,25
10930050,726,26
10940050,730,25
10950050,742,26
10960050,743,26
10970050,741,26
10980050,737,26
10990050,754,26
11000050,731,26
11010050,737,26
11020050,737,27
11030050,734,26
11040050,745,25
11050050,740,29
11060050,751,27
11070050,751,27
11080050,747,26
11090050,742,25
11100050,747,27
11110050,749,25
11120050,743,25
11130050,744,27
11140050,746,26
11150050,754,27
11160050,746,25
11170050,758,29
11180050,753,28
11190050,757,27
11200050,762,29
11210050,745,26
11220050,751,26
11230050,764,27
11240050,754,25
11250050,747,27
11260050,750,28
11270050,749,27
11280050,756,27
11290050,756,27
11300050,755,25
11310050,755,27
11320050,745,26
11330050,744,25
11340050,753,26
11350050,755,26
11360050,754,27
11370050,754,26
11380050,750,27
11390050,757,30
11400050,757,27
11410050,759,26
11420050,756,29
11430050,750,27
11440050,745,26
11450050,752,27
11460050,750,26
11470050,760,27
11480050,776,28
11490050,747,27
11500050,755,27
11510050,751,29
11520050,768,26
11530050,760,29
11540050,760,27
11550050,767,28
11560050,750,27
11570050,763,28
11580050,763,27
11590050,765,27
11600050,765,27
11610050,769,28
11620050,762,31
11630050,760,28
11640050,762,26
11650050,764,27
11660050,769,26
11670050,770,28
11680050,771,28
11690050,779,28
11700050,757,27
11710050,775,26
11720050,762,29
11730050,770,28
11740050,779,28
11750050,780,27
11760050,777,28
11770050,779,26
11780050,772,28
11790050,777,27
11800050,814,30
11810050,796,28
11820050,832,30
11830050,815,28
11840050,784,27
11850050,777,28
11860050,788,28
11870050,783,27
11880050,801,28
11890050,820,30
11900050,792,28
11910050,790,28
11920050,782,30
11930050,785,29
11940050,846,28
11950050,786,30
11960050,790,29
11970050,794,28
11980050,798,30
11990050,807,28
12000050,784,29
12010050,791,30
12020050,785,28
12030050,786,30
12040050,796,30
12050050,808,31
12060050,797,29
12070050,807,29
12080050,796,28
12090050,809,28
12100050,791,29
12110050,822,27
12120050,835,31
12130050,812,28
12140050,800,29
12150050,806,29
12160050,829,31
12170050,853,27
12180050,798,28
12190050,820,28
12200050,790,29
12210050,795,29
12220050,805,30
12230050,811,31
12240050,816,29
12250050,832,30
12260050,802,29
12270050,799,29
12280050,808,29
12290050,814,29
12300050,808,29
12310050,810,29
12320050,818,30
12330050,813,28
12340050,824,29
12350050,810,28
12360050,821,29
12370050,817,28
12380050,818,29
12390050,813,31
12400050,809,29
12410050,823,29
12420050,826,30
12430050,817,30
12440050,821,29
12450050,823,29
12460050,816,28
12470050,830,28
12480050,836,29
12490050,825,28
12500050,809,29
12510050,825,28
12520050,814,29
12530050,825,30
12540050,821,31
12550050,809,31
12560050,825,30
12570050,820,29
12580050,827,29
12590050,819,30
12600050,828,29
12610050,835,30
12620050,815,31
12630050,826,32
12640050,826,29
12650050,824,30
12660050,837,30
12670050,822,29
12680050,824,30
12690050,838,30
12700050,826,32
12710050,825,30
12720050,838,32
12730050,830,31
12740050,827,30
12750050,827,30
12760050,833,31
12770050,848,33
12780050,871,34
12790050,865,32
12800050,842,32
12810050,837,29
12820050,846,30
12830050,838,29
12840050,831,30
12850050,838,32
12860050,844,31
12870050,847,31
12880050,837,30
12890050,850,31
12900050,830,30
12910050,837,31
12920050,844,31
12930050,853,29
12940050,854,31
12950050,841,31
12960050,846,31
12970050,836,31
12980050,848,31
12990050,870,32
13000050,848,30
13010050,845,31
13020050,833,30
13030050,849,31
13040050,846,30
13050050,852,32
13060050,860,31
13070050,846,31
13080050,852,31
13090050,846,30
13100050,843,30
13110050,867,31
13120050,871,31
13130050,882,32
13140050,915,35
13150050,950,33
13160050,890,30
13170050,860,32
13180050,876,30
13190050,859,30
13200050,872,31
13210050,858,31
13220050,872,33
13230050,865,31
13240050,857,31
13250050,861,32
13260050,859,32
13270050,877,31
13280050,884,30
13290050,860,31
13300050,866,31
13310050,868,31
13320050,870,32
13330050,869,32
13340050,879,30
13350050,858,31
13360050,872,31
13370050,875,31
13380050,893,31
13390050,873,30
13400050,877,31
13410050,875,30
13420050,882,30
13430050,875,32
13440050,881,32
13450050,887,32
13460050,867,32
13470050,879,31
13480050,884,32
13490050,873,32
13500050,872,32
13510050,876,31
13520050,885,32
13530050,875,34
13540050,879,32
13550050,866,32
13560050,878,32
13570050,890,31
13580050,875,33
13590050,883,33
13600050,888,31
13610050,896,32
13620050,880,32
13630050,900,32
13640050,889,33
13650050,885,32
13660050,896,31
13670050,884,31
13680050,881,34
13690050,882,33
13700050,881,33
13710050,889,31
13720050,887,35
13730050,910,34
13740050,886,35
13750050,899,33
13760050,891,33
13770050,908,32
13780050,906,33
13790050,884,31
13800050,891,31
13810050,891,34
13820050,888,36
13830050,897,32
13840050,907,34
13850050,910,34
13860050,920,33
13870050,909,31
13880050,902,32
13890050,905,31
13900050,911,33
13910050,955,36
13920050,927,33
13930050,905,33
13940050,921,34
13950050,907,33
13960050,907,34
13970050,908,33
13980050,913,33
13990050,905,33
14000050,897,33
14010050,906,33
14020050,905,36
14030050,911,32
14040050,916,34
14050050,902,35
14060050,902,34
14070050,915,33
14080050,906,33
14090050,916,32
14100050,896,32
14110050,915,32
14120050,903,34
14130050,911,33
14140050,903,35
14150050,924,35
14160050,915,34
14170050,915,33
14180050,923,33
14190050,917,34
14200050,915,37
14210050,928,34
14220050,924,34
14230050,921,36
14240050,925,33
14250050,917,33
14260050,920,37
14270050,923,33
14280050,925,34
14290050,919,34
14300050,939,35
14310050,923,34
14320050,940,35
14330050,955,35
14340050,935,34
14350050,951,34
14360050,954,38
14370050,986,37
14380050,963,34
14390050,1010,35
14400050,979,36
14410050,976,36
14420050,966,40
14430050,971,36
14440050,981,39
14450050,967,36
14460050,962,36
14470050,984,35
14480050,1036,41
14490050,1012,36
14500050,986,38
14510050,1001,39
14520050,1000,37
14530050,1006,33
14540050,969,39
14550050,992,35
14560050,965,39
14570050,974,34
14580050,967,34
14590050,954,37
14600050,994,34
14610050,1053,36
14620050,1020,37
14630050,952,33
14640050,950,34
14650050,954,34
14660050,941,37
14670050,946,35
14680050,947,33
14690050,923,35
14700050,918,34
14710050,913,36
14720050,939,35
14730050,930,34
14740050,932,35
14750050,928,35
14760050,930,33
14770050,930,37
14780050,937,35
14790050,935,36
14800050,946,38
14810050,921,36
14820050,934,35
14830050,936,36
14840050,939,37
14850050,929,34
14860050,928,37
14870050,943,37
14880050,950,36
14890050,947,35
14900050,934,35
14910050,942,35
14920050,938,36
14930050,941,34
14940050,944,35
14950050,946,37
14960050,945,36
14970050,940,39
14980050,1122,42
14990050,954,34
15000050,984,36
15010050,950,34
15020050,958,35
15030050,948,36
15040050,949,35
15050050,956,36
15060050,947,34
15070050,948,36
15080050,962,35
15090050,954,35
15100050,948,35
15110050,948,39
15120050,957,36
15130050,959,36
15140050,956,35
15150050,946,36
15160050,986,35
15170050,967,39
15180050,957,36
15190050,959,37
15200050,956,35
15210050,971,35
15220050,976,37
15230050,973,37
15240050,962,36
15250050,954,36
15260050,964,35
15270050,964,37
15280050,979,39
15290050,968,36
15300050,965,35
15310050,969,36
15320050,969,36
15330050,967,36
15340050,972,35
15350050,963,35
15360050,960,37
15370050,978,37
15380050,974,37
15390050,980,36
15400050,968,35
15410050,966,36
15420050,975,38
15430050,982,37
15440050,978,36
15450050,971,36
15460050,983,35
15470050,983,37
15480050,981,38
15490050,986,38
15500050,969,35
15510050,978,35
15520050,984,37
15530050,988,36
15540050,975,37
15550050,981,37
15560050,978,36
15570050,991,36
15580050,994,36
15590050,978,37
15600050,972,37
15610050,973,37
15620050,985,38
15630050,982,36
15640050,981,41
15650050,981,39
15660050,983,38
15670050,980,37
15680050,999,36
15690050,1021,39
15700050,974,37
15710050,986,37
15720050,990,37
15730050,986,37
15740050,992,36
15750050,985,37
15760050,987,42
15770050,1002,39
15780050,991,36
15790050,984,37
15800050,1004,38
15810050,1001,38
15820050,1002,38
15830050,1002,36
15840050,1002,38
15850050,998,36
15860050,991,37
15870050,1022,37
15880050,1003,38
15890050,1009,38
15900050,997,38
15910050,994,39
15920050,1007,37
15930050,992,38
15940050,1009,37
15950050,990,39
15960050,1009,38
15970050,1005,37
15980050,994,38
15990050,1003,37
16000050,996,37
16010050,1008,39
16020050,1000,36
16030050,1020,38
16040050,1004,38
16050050,1002,39
16060050,1005,39
16070050,1011,37
16080050,1004,39
16090050,1003,38
16100050,1005,37
16110050,1015,38
16120050,1013,38
16130050,1010,37
16140050,1008,38
16150050,1016,39
16160050,1008,39
16170050,1001,37
16180050,1566,41
16190050,1101,38
16200050,1046,40
16210050,1027,38
16220050,1015,38
16230050,1056,38
16240050,1024,42
16250050,1018,38
16260050,1019,38
16270050,1024,39
16280050,1041,38
16290050,1026,38
16300050,1041,38
16310050,1016,40
16320050,1029,40
16330050,1042,40
16340050,1042,40
16350050,1041,39
16360050,1034,39
16370050,1019,39
16380050,1038,40
16390050,1051,38
16400050,1048,40
16410050,1028,38
16420050,1037,40
16430050,1045,42
16440050,1066,38
16450050,1033,42
16460050,1041,39
16470050,1045,39
16480050,1052,39
16490050,1038,40
16500050,1031,38
16510050,1044,37
16520050,1047,40
16530050,1049,41
16540050,1035,38
16550050,1048,42
16560050,1040,39
16570050,1051,39
16580050,1039,39
16590050,1047,41
16600050,1058,39
16610050,1050,40
16620050,1058,39
16630050,1050,39
16640050,1047,37
16650050,1041,38
16660050,1052,40
16670050,1051,38
16680050,1046,38
16690050,1047,39
16700050,1056,39
16710050,1051,41
16720050,1045,39
16730050,1046,40
16740050,1040,39
16750050,1051,40
16760050,1051,41
16770050,1064,40
16780050,1171,40
16790050,1181,41
16800050,1183,41
16810050,1160,39
16820050,1169,40
16830050,1184,40
16840050,1181,40
16850050,1182,39
16860050,1169,39
16870050,1194,41
16880050,1192,41
16890050,1187,42
16900050,1195,39
16910050,1175,40
16920050,1196,41
16930050,1182,39
16940050,1204,42
16950050,1189,41
16960050,1195,39
16970050,1188,42
16980050,1261,42
16990050,1206,40
17000050,1221,40
17010050,1195,39
17020050,1204,40
17030050,1227,43
17040050,1238,40
17050050,1316,41
17060050,1197,42
17070050,1238,41
17080050,1250,43
17090050,1221,41
17100050,1235,40
17110050,1233,41
17120050,1247,43
17130050,1209,43
17140050,1224,43
17150050,1252,40
17160050,1212,41
17170050,1231,41
17180050,1238,41
17190050,1240,41
17200050,1243,44
17210050,1243,41
17220050,1273,40
17230050,1231,46
17240050,1224,50
17250050,1229,39
17260050,1205,41
17270050,1233,41
17280050,1229,43
17290050,1228,40
17300050,1225,41
17310050,1245,41
17320050,1243,42
17330050,1236,40
17340050,1229,42
17350050,1253,42
17360050,1242,40
17370050,1229,42
17380050,1241,43
17390050,1242,40
17400050,1240,42
17410050,1258,41
17420050,1269,41
17430050,1237,42
17440050,1238,39
17450050,1235,40
17460050,1248,41
17470050,1262,41
17480050,1252,42
17490050,1255,42
17500050,1261,41
17510050,1247,43
17520050,1243,40
17530050,1267,41
17540050,1272,42
17550050,1265,41
17560050,1247,43
17570050,1253,41
17580050,1261,43
17590050,1260,41
17600050,1264,42
17610050,1258,42
17620050,1265,42
17630050,1271,42
17640050,1242,40
17650050,1293,44
17660050,1283,43
17670050,1262,44
17680050,1262,41
17690050,1255,45
17700050,1267,42
17710050,1277,41
17720050,1252,43
17730050,1266,41
17740050,1271,44
17750050,1271,44
17760050,1275,41
17770050,1262,41
17780050,1255,44
17790050,1275,42
17800050,1254,42
17810050,1261,41
17820050,1274,43
17830050,1281,41
17840050,1278,46
17850050,1286,42
17860050,1267,42
17870050,1275,44
17880050,1299,43
17890050,1279,44
17900050,1304,42
17910050,1291,41
17920050,1263,42
17930050,1277,45
17940050,1358,41
17950050,1361,47
17960050,1386,46
17970050,1431,44
17980050,1299,45
17990050,1351,45
18000050,1366,43
18010050,1372,51
18020050,1375,45
18030050,1410,44
18040050,1307,43
18050050,1286,42
18060050,1280,43
18070050,1294,44
18080050,1293,42
18090050,1296,44
18100050,1308,44
18110050,1286,43
18120050,1294,42
18130050,1282,42
18140050,1285,44
18150050,1374,43
18160050,1311,43
18170050,1321,48
18180050,1434,44
18190050,1475,45
18200050,1365,46
18210050,1376,44
18220050,1379,46
18230050,1357,47
18240050,1354,45
18250050,1395,45
18260050,1378,47
18270050,1426,45
18280050,1376,47
18290050,1353,41
18300050,1316,42
18310050,1308,44
18320050,1310,44
18330050,1293,46
18340050,1322,44
18350050,1301,43
18360050,1317,44
18370050,1320,43
18380050,1322,47
18390050,1324,43
18400050,1343,44
18410050,1294,43
18420050,1335,45
18430050,1327,44
18440050,1313,43
18450050,1288,45
18460050,1304,45
18470050,1309,44
18480050,1317,44
18490050,1332,44
18500050,1364,45
18510050,1330,42
18520050,1309,44
18530050,1319,45
18540050,1322,43
18550050,1314,45
18560050,1335,46
18570050,1354,43
18580050,1375,47
18590050,1350,43
18600050,1314,43
18610050,1322,44
18620050,1311,44
18630050,1310,43
18640050,1332,45
18650050,1399,46
18660050,1341,48
18670050,1404,50
18680050,1445,47
18690050,1451,45
18700050,1387,46
18710050,1396,44
18720050,1365,45
18730050,1350,44
18740050,1333,45
18750050,1329,45
18760050,1348,43
18770050,1354,44
18780050,1325,44
18790050,1326,44
18800050,1382,44
18810050,1320,45
18820050,1318,45
18830050,1332,44
18840050,1324,44
18850050,1314,45
18860050,1351,47
18870050,1383,43
18880050,1324,43
18890050,1344,47
18900050,1351,44
18910050,1369,45
18920050,1390,43
18930050,1372,46
18940050,1369,45
18950050,1341,50
18960050,1339,47
18970050,1343,46
18980050,1358,46
18990050,1377,47
19000050,1399,46
19010050,1387,45
19020050,1392,47
19030050,1376,47
19040050,1389,47
19050050,1362,45
19060050,1361,50
19070050,1357,45
19080050,1370,45
19090050,1344,46
19100050,1378,44
19110050,1364,45
19120050,1382,47
19130050,1358,45
19140050,1367,45
19150050,1369,49
19160050,1372,44
19170050,1355,45
19180050,1363,45
19190050,1349,45
19200050,1364,46
19210050,1433,52
19220050,1529,51
19230050,1486,46
19240050,1440,50
19250050,1461,53
19260050,1452,49
19270050,1482,50
19280050,1505,48
19290050,1439,48
19300050,1427,50
19310050,1426,52
19320050,1429,48
19330050,1446,51
19340050,1451,47
19350050,1457,46
19360050,1373,45
19370050,1369,47
19380050,1403,45
19390050,1453,50
19400050,1398,46
19410050,1386,48
19420050,1381,46
19430050,1403,45
19440050,1376,44
19450050,1399,46
19460050,1424,49
19470050,1392,47
19480050,1386,47
19490050,1397,47
19500050,1389,46
19510050,1389,46
19520050,1396,46
19530050,1395,46
19540050,1383,48
19550050,1390,46
19560050,1399,46
19570050,1400,46
19580050,1395,46
19590050,1395,46
19600050,1411,47
19610050,1388,51
19620050,1400,46
19630050,1386,47
19640050,1397,47
19650050,1414,48
19660050,1385,47
19670050,1419,48
19680050,1399,46
19690050,1415,47
19700050,1402,45
19710050,1399,47
19720050,1434,49
19730050,1395,47
19740050,1401,46
19750050,1411,46
19760050,1397,46
19770050,1400,45
19780050,1451,49
19790050,1408,48
19800050,1397,45
19810050,1396,47
19820050,1418,48
19830050,1469,48
19840050,1424,48
19850050,1416,47
19860050,1387,47
19870050,1415,46
19880050,1412,48
19890050,1456,47
19900050,1555,51
19910050,1501,48
19920050,1421,49
19930050,1419,48
19940050,1431,48
19950050,1442,66
19960050,1443,47
19970050,1418,50
19980050,1419,48
19990050,1419,47
20000050,1423,49
20010050,1422,48
20020050,1422,46
20030050,1415,48
20040050,1427,47
20050050,1438,48
20060050,1442,46
20070050,1425,48
20080050,1432,50
20090050,1424,47
20100050,1413,49
20110050,1432,52
20120050,1412,47
20130050,1420,47
20140050,1438,49
20150050,1428,48
20160050,1427,49
20170050,1427,49
20180050,1418,51
20190050,1420,50
20200050,1428,47
20210050,1441,47
20220050,1423,51
20230050,1439,49
20240050,1427,47
20250050,1440,51
20260050,1430,49
20270050,1429,48
20280050,1445,47
20290050,1437,48
20300050,1422,48
20310050,1430,49
20320050,1465,48
20330050,1519,51
20340050,1515,47
20350050,1509,50
20360050,1454,48
20370050,1549,48
20380050,1482,50
20390050,1535,52
20400050,1500,47
20410050,1451,48
20420050,1445,47
20430050,1447,49
20440050,1456,47
20450050,1463,49
20460050,1450,49
20470050,1456,49
20480050,1434,50
20490050,1430,49
20500050,1449,48
20510050,1457,49
20520050,1450,49
20530050,1441,48
20540050,1441,53
20550050,1424,48
20560050,1424,50
20570050,1433,51
20580050,1448,51
20590050,1447,50
20600050,1441,49
20610050,1444,49
20620050,1450,49
20630050,1440,50
20640050,1459,48
20650050,1445,49
20660050,1456,49
20670050,1467,51
20680050,1503,51
20690050,1534,50
20700050,1488,52
20710050,1490,53
20720050,1520,57
20730050,1568,53
20740050,1476,49
20750050,1475,49
20760050,1464,49
20770050,1451,50
20780050,1459,48
20790050,1478,49
20800050,1453,50
20810050,1477,50
20820050,1452,50
20830050,1448,49
20840050,1451,53
20850050,1459,50
20860050,1451,49
20870050,1554,49
20880050,1486,50
20890050,1468,49
20900050,1461,51
20910050,1462,50
20920050,1474,51
20930050,1467,51
20940050,1467,51
20950050,1461,48
20960050,1478,50
20970050,1456,49
20980050,1448,49
20990050,1439,49
21000050,1442,49
21010050,1444,53
21020050,1430,50
21030050,1442,50
21040050,1429,50
21050050,1464,49
21060050,1441,51
21070050,1439,49
21080050,1431,50
21090050,1496,49
21100050,1507,51
21110050,1478,56
21120050,1526,51
21130050,1493,51
21140050,1453,52
21150050,1452,49
21160050,1452,51
21170050,1475,50
21180050,1465,54
21190050,1453,50
21200050,1458,50
21210050,1453,49
21220050,1455,51
21230050,1453,51
21240050,1455,49
21250050,1454,51
21260050,1453,51
21270050,1460,50
21280050,1444,51
21290050,1456,51
21300050,1451,49
21310050,1462,52
21320050,1487,52
21330050,1464,50
21340050,1464,50
21350050,1524,96
21360050,1571,52
21370050,1490,60
21380050,1497,52
21390050,1516,51
21400050,1552,53
21410050,1600,51
21420050,1508,55
21430050,1513,51
21440050,1497,55
21450050,1490,52
21460050,1482,53
21470050,1508,51
21480050,1502,52
21490050,1485,49
21500050,1509,55
21510050,1486,54
21520050,1529,52
21530050,1536,52
21540050,1562,51
21550050,1507,55
21560050,1509,50
21570050,1504,52
21580050,1500,52
21590050,1496,52
21600050,1492,52
21610050,1498,52
21620050,1551,51
21630050,1496,51
21640050,1510,52
21650050,1504,56
21660050,1498,49
21670050,1514,52
21680050,1504,52
21690050,1510,50
21700050,1495,51
21710050,1509,53
21720050,1555,54
21730050,1544,51
21740050,1564,50
21750050,1542,51
21760050,1545,52
21770050,1556,57
21780050,1542,53
21790050,1524,56
21800050,1550,53
21810050,1567,51
21820050,1553,51
21830050,1527,52
21840050,1555,54
21850050,1535,51
21860050,1524,51
21870050,1538,53
21880050,1532,51
21890050,1516,51
21900050,1528,52
21910050,1537,58
21920050,1520,52
21930050,1539,52
21940050,1521,54
21950050,1527,53
21960050,1518,51
21970050,1529,52
21980050,1562,54
21990050,1532,51
22000050,1530,51
22010050,1518,51
22020050,1527,51
22030050,1520,51
22040050,1529,52
22050050,1529,51
22060050,1537,52
22070050,1548,55
22080050,1555,53
22090050,1545,54
22100050,1697,58
22110050,1699,57
22120050,1705,55
22130050,1658,63
22140050,1612,53
22150050,1595,55
22160050,1573,52
22170050,1541,51
22180050,1623,56
22190050,1575,54
22200050,1610,54
22210050,1621,64
22220050,1584,54
22230050,1592,58
22240050,1598,53
22250050,1548,55
22260050,1625,58
22270050,1579,56
22280050,1585,59
22290050,1576,54
22300050,1567,55
22310050,1574,53
22320050,1576,53
22330050,1560,54
22340050,1579,54
22350050,1556,53
22360050,1583,59
22370050,1592,54
22380050,1611,55
22390050,1591,59
22400050,1597,57
22410050,1560,54
22420050,1586,53
22430050,1558,52
22440050,1578,53
22450050,1594,53
22460050,1556,53
22470050,1572,54
22480050,1589,55
22490050,1558,53
22500050,1568,55
22510050,1574,55
22520050,1616,59
22530050,1693,57
22540050,1726,61
22550050,1849,63
22560050,1665,56
22570050,1612,56
22580050,1591,53
22590050,1601,55
22600050,1617,54
22610050,1624,56
22620050,1591,53
22630050,1576,55
22640050,1599,53
22650050,1599,54
22660050,1661,59
22670050,1719,54
22680050,1598,55
22690050,1599,57
22700050,1582,55
22710050,1564,53
22720050,1571,53
22730050,1627,53
22740050,1579,54
22750050,1590,54
22760050,1626,64
22770050,1653,55
22780050,1787,63
22790050,1767,56
22800050,1833,62
22810050,1729,59
22820050,1718,57
22830050,1697,61
22840050,1713,61
22850050,1660,57
22860050,1657,63
22870050,1648,59
22880050,1634,55
22890050,1618,55
22900050,1580,55
22910050,1588,54
22920050,1579,55
22930050,1575,54
22940050,1580,54
22950050,1583,56
22960050,1651,54
22970050,1634,57
22980050,1663,56
22990050,1664,59
23000050,1650,57
23010050,1670,58
23020050,1676,55
23030050,1669,58
23040050,1653,57
23050050,1645,59
23060050,1678,57
23070050,1663,55
23080050,1664,57
23090050,1667,55
23100050,1629,56
23110050,1609,62
23120050,1609,60
23130050,1587,56
23140050,1621,56
23150050,1619,57
23160050,1607,54
23170050,1650,65
23180050,1632,55
23190050,1636,55
23200050,1621,58
23210050,1647,54
23220050,1650,59
23230050,1740,59
23240050,1595,54
23250050,1591,56
23260050,1596,58
23270050,1614,54
23280050,1587,59
23290050,1574,54
23300050,1586,55
23310050,1575,56
23320050,1600,54
23330050,1599,56
23340050,1618,59
23350050,1610,57
23360050,1645,54
23370050,1577,55
23380050,1604,56
23390050,1582,68
23400050,1593,56
23410050,1613,55
23420050,1598,56
23430050,1591,54
23440050,1637,57
23450050,1609,54
23460050,1629,55
23470050,1641,58
23480050,1604,56
23490050,1586,55
23500050,1606,56
23510050,1607,55
23520050,1593,55
23530050,1616,56
23540050,1602,57
23550050,1605,61
23560050,1587,57
23570050,1643,56
23580050,1628,59
23590050,1650,55
23600050,1614,56
23610050,1596,56
23620050,1644,56
23630050,1631,55
23640050,1625,55
23650050,1649,57
23660050,1619,55
23670050,1637,59
23680050,1666,59
23690050,1667,58
23700050,1677,56
23710050,1712,56
23720050,1719,58
23730050,1646,57
23740050,1633,56
23750050,1616,55
23760050,1620,59
23770050,1662,55
23780050,1639,58
23790050,1661,55
23800050,1664,55
23810050,1759,56
23820050,1737,56
23830050,1656,56
23840050,1652,60
23850050,1702,58
23860050,1628,56
23870050,1631,60
23880050,1649,60
23890050,1825,63
23900050,1888,62
23910050,1818,60
23920050,1737,62
23930050,1827,62
23940050,1801,63
23950050,1797,62
23960050,1765,62
23970050,1818,62
23980050,1753,60
23990050,1837,59
24000050,1745,73
24010050,1792,58
24020050,1641,62
24030050,1658,57
24040050,1652,56
24050050,1655,56
24060050,1655,60
24070050,1643,59
24080050,1643,56
24090050,1632,55
24100050,1630,63
24110050,1636,58
24120050,1626,55
24130050,1651,59
24140050,1663,55
24150050,1636,55
24160050,1646,56
24170050,1651,61
24180050,1648,56
24190050,1639,56
24200050,1669,57
24210050,1677,57
24220050,1660,58
24230050,1662,58
24240050,1666,57
24250050,1674,61
24260050,1688,63
24270050,1677,57
24280050,1693,58
24290050,1714,58
24300050,1722,58
24310050,1712,59
24320050,1731,60
24330050,1786,65
24340050,1763,57
24350050,1824,62
24360050,1806,65
24370050,1810,65
24380050,1947,64
24390050,1825,57
24400050,1765,59
24410050,1719,62
24420050,1744,61
24430050,1710,60
24440050,1776,59
24450050,1878,65
24460050,1898,64
24470050,1770,59
24480050,1747,63
24490050,1815,77
24500050,2127,61
24510050,1750,62
24520050,1734,63
24530050,1754,61
24540050,1817,68
24550050,2138,61
24560050,1761,64
24570050,1775,63
24580050,1784,62
24590050,1875,75
24600050,2113,58
24610050,1789,64
24620050,1881,64
24630050,1819,64
24640050,1832,73
24650050,2142,58
24660050,1767,60
24670050,1812,63
24680050,1757,67
24690050,1833,66
24700050,1800,69
24710050,1726,65
24720050,2012,61
24730050,1736,59
24740050,1748,62
24750050,1762,60
24760050,1742,61
24770050,1746,58
24780050,2036,60
24790050,1726,61
24800050,1735,63
24810050,1747,60
24820050,1756,60
24830050,1762,58
24840050,1966,83
24850050,1768,60
24860050,1740,60
24870050,1746,58
24880050,1749,61
24890050,1736,63
24900050,1963,76
24910050,1817,61
24920050,1720,63
24930050,1728,60
24940050,1753,61
24950050,1730,60
24960050,1911,74
24970050,1933,65
24980050,1744,61
24990050,1937,66
25000050,1830,70
25010050,1954,69
25020050,2062,83
25030050,1874,62
25040050,1849,63
25050050,1835,65
25060050,1843,67
25070050,1840,63
25080050,2083,69
25090050,1866,66
25100050,1852,65
25110050,1803,63
25120050,1832,61
25130050,1888,63
25140050,2047,61
25150050,1887,68
25160050,1827,65
25170050,1867,67
25180050,1842,66
25190050,1863,64
25200050,2256,69
25210050,1973,69
25220050,1934,71
25230050,1837,64
25240050,1903,70
25250050,2314,66
25260050,1911,63
25270050,1829,66
25280050,2042,68
25290050,1903,64
25300050,2042,89
25310050,2076,66
25320050,1828,64
25330050,2006,71
25340050,1961,67
25350050,1868,67
25360050,2094,84
25370050,1979,65
25380050,1927,65
25390050,1894,64
25400050,1843,68
25410050,1791,66
25420050,2185,66
25430050,1862,62
25440050,1898,68
25450050,1817,65
25460050,1783,63
25470050,1831,61
25480050,2212,72
25490050,2051,71
25500050,1799,67
25510050,1921,63
25520050,1867,68
25530050,1840,82
25540050,2071,66
25550050,1808,62
25560050,1788,61
25570050,1777,67
25580050,1791,61
25590050,1894,82
25600050,1851,60
25610050,1797,62
25620050,1759,62
25630050,1771,60
25640050,1767,60
25650050,1801,80
25660050,1949,63
25670050,1746,61
25680050,1761,63
25690050,1761,62
25700050,1765,62
25710050,1797,80
25720050,1978,62
25730050,1780,64
25740050,1762,62
25750050,1792,64
25760050,1779,63
25770050,1797,79
25780050,2015,60
25790050,1808,62
25800050,1785,61
25810050,1785,60
25820050,1774,61
25830050,1774,79
25840050,1975,60
25850050,1865,69
25860050,2034,68
25870050,1850,62
25880050,1779,62
25890050,1946,77
25900050,1874,62
25910050,1807,62
25920050,1806,63
25930050,1784,65
25940050,1789,63
25950050,1936,78
25960050,1872,63
25970050,1838,72
25980050,2024,64
25990050,1908,64
26000050,1870,68
26010050,2158,67
26020050,1908,64
26030050,1926,68
26040050,1903,63
26050050,1842,61
26060050,1818,62
26070050,2123,62
26080050,2018,77
26090050,1910,62
26100050,1864,65
26110050,1849,68
26120050,1897,64
26130050,2034,66
26140050,1879,65
26150050,1821,67
26160050,1818,62
26170050,1854,62
26180050,1837,79
26190050,1937,62
26200050,1898,62
26210050,1891,65
26220050,1902,67
26230050,1937,65
26240050,2130,69
26250050,1887,72
26260050,1784,61
26270050,1808,66
26280050,2011,67
26290050,1915,63
26300050,2230,69
26310050,1972,66
26320050,1962,66
26330050,1961,69
26340050,1982,70
26350050,2120,86
26360050,1959,67
26370050,1848,63
26380050,1888,65
26390050,1844,66
26400050,1842,66
26410050,1997,65
26420050,1839,66
26430050,1821,62
26440050,1861,63
26450050,1824,63
26460050,1974,82
26470050,1903,63
26480050,1842,67
26490050,1867,73
26500050,1832,64
26510050,1826,65
26520050,2005,65
26530050,1862,62
26540050,1829,64
26550050,1883,63
26560050,1842,62
26570050,1888,64
26580050,2127,73
26590050,1908,65
26600050,1872,62
26610050,1911,67
26620050,1813,64
26630050,1893,79
26640050,1976,63
26650050,1849,64
26660050,1844,67
26670050,1859,66
26680050,1847,62
26690050,1943,77
26700050,1863,63
26710050,1823,64
26720050,1862,67
26730050,1824,62
26740050,1829,66
26750050,1844,77
26760050,1834,65
26770050,1812,64
26780050,1798,63
26790050,1815,62
26800050,2420,79
26810050,2292,71
26820050,2071,74
26830050,2427,86
26840050,2332,72
26850050,2174,72
26860050,2024,70
26870050,1983,75
26880050,1995,67
26890050,1910,63
26900050,1921,66
26910050,1893,70
26920050,1904,65
26930050,2266,102
26940050,1888,67
26950050,1809,63
26960050,1820,64
26970050,1820,65
26980050,1850,64
26990050,1822,65
27000050,1818,63
27010050,1825,64
27020050,1821,67
27030050,1854,64
27040050,1859,62
27050050,1871,66
27060050,1819,64
27070050,1786,64
27080050,1799,64
27090050,1804,63
27100050,1822,63
27110050,1822,64
27120050,1794,64
27130050,1805,67
27140050,1874,66
27150050,1831,63
27160050,1834,63
27170050,1816,65
27180050,1828,63
27190050,1809,67
27200050,1826,64
27210050,1831,63
27220050,1806,62
27230050,1808,63
27240050,1832,63
27250050,1810,64
27260050,1829,65
27270050,1829,64
27280050,1805,64
27290050,1818,63
27300050,1823,64
27310050,1810,65
27320050,1841,63
27330050,1875,64
27340050,1841,64
27350050,1831,67
27360050,1835,64
27370050,1852,64
27380050,1844,65
27390050,1844,66
27400050,1864,68
27410050,1839,67
27420050,1846,63
27430050,1897,67
27440050,1911,66
27450050,1914,65
27460050,1880,66
27470050,1869,69
27480050,1881,65
27490050,1837,64
27500050,1839,66
27510050,1839,66
27520050,1829,64
27530050,1843,66
27540050,1826,64
27550050,1851,65
27560050,1839,65
27570050,1832,67
27580050,1857,65
27590050,1837,65
27600050,1851,65
27610050,1857,67
27620050,1838,65
27630050,1855,65
27640050,1956,68
27650050,1909,67
27660050,1866,68
27670050,1949,70
27680050,1874,64
27690050,2045,76
27700050,1956,67
27710050,2110,77
27720050,2037,69
27730050,1942,65
27740050,2084,76
27750050,2010,65
27760050,1916,70
27770050,2102,74
27780050,1970,68
27790050,1943,67
27800050,1934,72
27810050,2006,69
27820050,1969,69
